date,description,debit,credit
19/12/2013,19 Dec EFTPOS PURCHASE19DEC 10:52 VILLAGE FLOWERSGOLDEN GROVE SA AU ,25.0,,
19/12/2013,19 Dec TRINITY COLLEGE 0039019/12/2013 ,,80.0,
20/12/2013,20 Dec EFTPOS PURCHASE20DEC 16:33 BIG W0557GOLDEN GROSA AU ,49.11,,
23/12/2013,23 Dec EFTPOS PURCHASE23DEC 13:15 BIG W0558GAWLERSA AU ,48.0,,
30/12/2013,30 Dec EFTPOS PURCHASE30DEC 15:24 AMART MUNNO PARA 813 SMITHFIELD SA01 ,29.99,,
16/1/2014,16 Jan TRINITY COLLEGE 0039016/01/2014 ,,40.0,
24/1/2014,24 Jan EFTPOS PURCHASE24JAN 09:23 COTTON ONELIZABETHSA ,26.95,,
30/1/2014,30 Jan TRINITY COLLEGE 0039030/01/2014 ,,40.0,
1/2/2014,01 Feb INTERNET WITHDRAWAL 01FEB 13:01 Christmas ,150.0,,
4/2/2014,04 Feb INTERNET DEPOSIT04FEB 08:32 Snow trip payment ,,1200.0,
13/2/2014,13 Feb TRINITY COLLEGE ,,40.0,
27/2/2014,27 Feb TRINITY COLLEGE ,,40.0,
6/3/2014,06 Mar EFTPOS PURCHASE06MAR 20:51 FASTA PASTA GAWLERGAWLER ,10.0,,
12/3/2014,12 Mar EFTPOS PURCHASE12MAR 16:28 TRINITY COLLEGEEVANSTON ,1110.0,,
13/3/2014,13 Mar TRINITY COLLEGE ,,50.0,
11/4/2013,11 Apr TRINITY COLLEGE 0039011/04/2013 ,,40.0,
24/4/2013,24 Apr TRINITY COLLEGE 0039025/04/2013 ,,40.0,
2/5/2013,02 May EFTPOS PURCHASE02MAY 17:42 PEC DECK CAFEEVANSTON PARKSA AU ,6.8,,
2/5/2013,02 May EFTPOS PURCHASE02MAY 20:36 FASTA PASTA GAWLERGAWLERSA ,11.9,,
7/5/2013,07 May EFTPOS PURCHASE07MAY 15:31 PEC DECK CAFEEVANSTON PARKSA AU ,13.5,,
9/5/2013,09 May TRINITY COLLEGE 003909/05/2013 ,,40.0,
23/5/2013,23 May TRINITY COLLEGE 0039023/05/2013 ,,40.0,
6/6/2013,06 Jun TRINITY COLLEGE ,,40.0,
16/3/2015,16 MAR EFTPOS PURCHASE16MAR 10:29 ADELAIDE METROCARDADELAIDE ,30.0,,
25/3/2015,25 MAR EFTPOS PURCHASE25MAR 12:02 THE GENERAL ADELAIDE ADELAIDE UNI SA AU ,59.95,,
26/3/2015,26 MAR TRINITY COLLEGE 0039026/03/2015 ,,100.0,
28/3/2015,28 MAR EFTPOS PURCHASE28MAR 15:34 THEBARTON AQUATIC CE TORRENSVILLE SA AU ,5.7,,
30/3/2015,30 MAR EFTPOS PURCHASE30MAR 08:35 ADELAIDE METROCARDADELAIDE ,30.0,,
9/4/2015,09 APR TRINITY COLLEGE 003909/04/2015 ,,100.0,
20/4/2015,20 APR EFTPOS PURCHASE20APR 10:57 CONNOR CLOTHING PTY WESTLAKES SA ,79.99,,
21/4/2015,21 APR EFTPOS PURCHASE21APR 08:34 ADELAIDE METROCARDADELAIDE ,30.0,,
21/4/2015,21 APR ATM WITHDRAWAL21APR 17:36 BANKSAADELAIDE5 AU ,20.0,,
23/4/2015,23 APR EFTPOS PURCHASE23APR 16:06 ,27.0,,
27/4/2015,27 APR EFTPOS PURCHASE27APR 20:16 BP DRY CREEK 7389DRY CREEKAU ,42.58,,
28/4/2015,28 APR VISA PURCHASE25/04/15 PAYPAL *EASTLAKESEL 402935773 ,4.95,,
28/4/2015,28 APR VISA PURCHASE24/04/15 PAYPAL *FOUROCEAN12 402935773 ,5.36,,
28/4/2015,28 APR VISA PURCHASE25/04/15 PAYPAL *HONGKONGTOM 402935773 ,28.14,,
28/4/2015,28 APR VISA PURCHASE25/04/15 PAYPAL *OPTUS PREPA 402935773 ,30.0,,
5/5/2015,05 MAY EFTPOS PURCHASE05MAY 08:38 ADELAIDE METROCARDADELAIDESA ,50.0,,
7/5/2015,07 MAY TRINITY COLLEGE 003907/05/2015 ,,100.0,
8/5/2015,08 MAY VISA PURCHASE05/05/15 PAYPAL *ZHARDWIRED402935773 ,5.95,,
9/5/2015,09 MAY EFTPOS PURCHASE08MAY 21:37 THE BARTLEY TAVERNWEST LAKES S SA ,21.0,,
12/5/2015,12 MAY EFTPOS PURCHASE12MAY 11:23 THE GENERAL ADELAIDE ADELAIDE UNI SA AU ,7.75,,
19/5/2015,19 MAY VISA PURCHASE16/05/15 PAYPAL *OPTUS PREPA 402935773 ,30.0,,
21/5/2015,21 MAY TRINITY COLLEGE 0039021/05/2015 ,,100.0,
4/6/2015,04 JUN EFTPOS PURCHASE04JUN 19:51 GENERAL HAVELOCKHOTEL ADELAIDE SA ,12.5,,
4/6/2015,04 JUN TRINITY COLLEGE 003904/06/2015 ,,100.0,
5/6/2015,05 JUN EFTPOS PURCHASE05JUN 18:08 HE UNIVERSITY OF ADE ADELAIDESA AU ,10.5,,
6/6/2015,06 JUN EFTPOS PURCHASE06JUN 17:49 OTR NRTH TERAC7278 ADELAIDEAU ,7.0,,
6/6/2015,06 JUN EFTPOS PURCHASE06JUN 18:37 ,46.51,,
8/6/2015,08 JUN EFTPOS PURCHASE08JUN 14:38 CONNOR CLOTHING PTY ADELAIDE SA ,90.99,,
16/6/2015,16 JUN VISA PURCHASE13/06/15 PAYPAL *EBUY HK402935773 ,18.05,,
18/6/2015,18 JUN EFTPOS PURCHASE18JUN 14:40 UNIBOOKS PTY LTDADELAIDEAU ,8.85,,
18/6/2015,18 JUN TRINITY COLLEGE 0039018/06/2015 ,,100.0,
30/6/2015,30 JUN EFTPOS PURCHASE30JUN 07:53 UNITED SEATONSEATONSA ,52.98,,
2/7/2015,02 JUL EFTPOS PURCHASE02JUL 18:19 GOODWOOD PARK HOTEL GOODWOOD SA ,5.0,,
2/7/2015,02 JUL EFTPOS PURCHASE02JUL 18:46 GOODWOOD PARK HOTEL GOODWOOD SA ,16.0,,
2/7/2015,02 JUL TRINITY COLLEGE 003902/07/2015 ,,100.0,
3/7/2015,03 JUL EFTPOS PURCHASE02JUL 22:47 MCDONALDS CROSS ROADS KINGS PARKSA AU ,9.5,,
6/7/2015,06 JUL EFTPOS PURCHASE05JUL 15:26 JUST CUTS WEST LAKESWEST LAKESAU ,29.95,,
6/7/2015,06 JUL EFTPOS PURCHASE06JUL 16:47 WEST LAKES SHORE FOO WEST LAKES S SA05 ,11.42,,
7/7/2015,07 JUL EFTPOS PURCHASE07JUL 17:23 WOOLWORTHS5668GOOLWASA AU ,46.12,,
7/7/2015,07 JUL VISA PURCHASE04/07/15 PAYPAL *POLARG402935773 ,5.89,,
7/7/2015,07 JUL VISA PURCHASE04/07/15 PAYPAL *GAMEXCHANGE 402935773 ,7.71,,
8/7/2015,08 JUL EFTPOS PURCHASE08JUL 14:43 MB ORTHODONTICSMODBURY NORTHAU ,40.0,,
10/7/2015,10 JUL VISA PURCHASE08/07/15 PAYPAL *OPTUS PREPA 402935773 ,30.0,,
16/7/2015,16 JUL TRINITY COLLEGE 0039016/07/2015 ,,100.0,
24/7/2015,24 JUL EFTPOS PURCHASE24JUL 14:47 MAWSON LAKES HOTELMAWSON LAKES SA ,17.4,,
27/7/2015,27 JUL EFTPOS PURCHASE27JUL 13:01 ,7.75,,
19/8/2015,19 AUG VISA PURCHASE18/08/15 ADELAIDE UNI SPORTS ADELAIDE ,375.0,,
19/8/2015,19 AUG VISA PURCHASE16/08/15 PAYPAL *9118408402935773 ,537.6,,
20/8/2015,20 AUG EFTPOS PURCHASE20AUG 09:56 JUST CUTS WEST LAKESWEST LAKESAU ,29.95,,
21/8/2015,21 AUG EFTPOS PURCHASE21AUG 17:21 HE UNIVERSITY OF ADE ADELAIDESA AU ,10.5,,
21/8/2015,21 AUG EFTPOS PURCHASE21AUG 19:21 NANDOS HINDLEY STADELAIDESA ,10.4,,
24/8/2015,24 AUG EFTPOS PURCHASE24AUG 09:06 UNIBOOKS PTY LTDADELAIDEAU ,6.85,,
24/8/2015,24 AUG EFTPOS PURCHASE23AUG 16:21 COTTON ON MEGAADELAIDESA ,13.97,,
24/8/2015,24 AUG EFTPOS PURCHASE24AUG 20:39 SAN GIORGIOS RISTORA ADELAIDESA AU ,51.0,,
25/8/2015,25 AUG VISA PURCHASE23/08/15 BENLEIGH VENDING SYS WINGFIELD ,3.0,,
25/8/2015,25 AUG VISA PURCHASE22/08/15 ADELAIDE OVAL SMA LT NTH ADELA ,8.8,,
25/8/2015,25 AUG VISA PURCHASE22/08/15 PAYPAL *OPTUS PREPA 402935773 ,30.0,,
26/8/2015,26 AUG VISA PURCHASE24/08/15 BENLEIGH VENDING SYS WINGFIELD ,3.0,,
27/8/2015,27 AUG TRINITY COLLEGE 0039027/08/2015 ,,100.0,
28/8/2015,28 AUG EFTPOS PURCHASE28AUG 16:11 TARGET ADELAIDESAAU ,20.0,,
29/8/2015,29 AUG EFTPOS PURCHASE29AUG 09:51 THE BARTLEY TAVERNWEST LAKES S SA ,9.98,,
29/8/2015,29 AUG EFTPOS PURCHASE29AUG 16:23 DUMPLINGS R USADELAIDE SA ,12.3,,
29/8/2015,29 AUG ATM WITHDRAWAL29AUG 17:14 BANKSAADELAIDE SA 5 AU ,40.0,,
29/8/2015,29 AUG EFTPOS PURCHASE29AUG 17:16 ,11.0,,
31/8/2015,31 AUG EFTPOS PURCHASE30AUG 09:13 PANCAKE HOUSE ADELAIADELAIDESA ,38.5,,
31/8/2015,31 AUG ATM WITHDRAWAL30AUG 12:07 BANKSAADELAIDE SA 5 AU ,20.0,,
31/8/2015,31 AUG EFTPOS PURCHASE30AUG 13:04 GENERAL HAVELOCKHOTEL ADELAIDE SA ,12.5,,
31/8/2015,31 AUG EFTPOS PURCHASE30AUG 18:29 WOK IN A BOXADELAIDE SA ,12.95,,
1/9/2015,01 SEP EFTPOS PURCHASE31AUG 22:25 CALTEX MILITARY RD GRANGE SA 4177 ,18.64,,
2/9/2015,02 SEP VISA PURCHASE31/08/15 WILSON PARKING ADE00 ADELAIDE ,14.42,,
4/9/2015,04 SEP ATM WITHDRAWAL04SEP 16:20 BANKSAADELAIDE SA 5 AU ,40.0,,
4/9/2015,04 SEP VISA PURCHASE O/SEAS 01/09/15 WWW.ALIEXPRESS.COM USD2.51 ,3.6,,
4/9/2015,04 SEP FOREIGN CURRENCY CONVERSN FEE ,0.1,,
5/9/2015,05 SEP EFTPOS PURCHASE05SEP 15:04 NORDBURGERNORWOODSA AU ,25.6,,
7/9/2015,07 SEP EFTPOS PURCHASE07SEP 08:33 ADELAIDE METROCARDADELAIDESA ,50.0,,
7/9/2015,07 SEP EFTPOS PURCHASE07SEP 18:41 THE GENERAL ADELAIDE ADELAIDE UNI SA AU ,7.65,,
8/9/2015,08 SEP INTERNET WITHDRAWAL 08SEP 09:35 TO 105-128 035992440 ,20.0,,
10/9/2015,10 SEP ATM WITHDRAWAL10SEP 17:50 CASHCARD\ADELAIDE SHOWGROUND ATM 1\WA AU ,60.0,,
10/9/2015,10 SEP ATM OPERATOR FEE WDL 10SEP 17:50 CASHCARD\ADELAIDE SHOWGROUND ATM 1\WA AU ,2.5,,
10/9/2015,10 SEP TRINITY COLLEGE 0039010/09/2015 ,,100.0,
12/9/2015,12 SEP VISA PURCHASE11/09/15 ,24.0,,
23/4/2015,23 APR TRINITY COLLEGE ,,100.0,
27/7/2015,27 JUL EFTPOS PURCHASE UNIBOOKS PTY LTDADELAIDEAU ,12.45,,
27/7/2015,27 JUL VISA PURCHASE PAYPAL *ADELAIDEUNI ,20.0,,
27/7/2015,27 JUL VISA PURCHASE City - Bay Fun Run Adelaide ,25.0,,
28/7/2015,28 JUL VISA PURCHASE UNIBOOKS PTY LTDADELAIDEAU ,64.95,,
30/7/2015,30 JUL TRINITY COLLEGE ,,100.0,
3/8/2015,03 AUG VISA PURCHASE UNIVERSITY OF ADELAI ADLEIADE ,13.0,,
7/8/2015,07 AUG VISA PURCHASE PAYPAL *THOMPSON TE ,75.16,,
13/8/2015,13 AUG TRINITY COLLEGE ,,100.0,
14/8/2015,14 AUG EFTPOS PURCHASE HE UNIVERSITY OF ADE ADELAIDESA AU ,10.5,,
14/8/2015,14 AUG EFTPOS PURCHASE Gelatissimo Rundle Sadelaide ,6.6,,
14/8/2015,14 AUG VISA PURCHASE WOOLWORTHS 5317 RUNDLE MA ,11.8,,
15/8/2015,15 AUG INTERNET WITHDRAWAL Dearing - SPE pubcrawl ,20.0,,
17/8/2015,17 AUG INTERNET DEPOSIT Uni games ,,1500.0,
17/8/2015,17 AUG VISA PURCHASE DUMPLINGS R USADELAIDE SA ,15.3,,
19/8/2015,19 AUG VISA PURCHASE AUST UNI SPORT INC SPRING HI ,285.0,,
28/7/2015,28 JUL VISA PURCHASE PAYPAL *ADELAIDE UNI ,85.0,,
31/1/2015,31 JAN BONUS INTEREST ,,2.61,
9/2/2015,09 FEB INTERNET WITHDRAWAL 09FEB 14:45 Snow Trip Deposit ,664.0,,
26/2/2015,26 FEB INTERNET DEPOSIT26FEB 08:03 Clean out ,,497.0,
2/3/2015,02 MAR INTERNET WITHDRAWAL 01MAR 23:11 Uni books ,500.0,,
2/3/2015,02 MAR ERICA STONE Jackson Dearing ,,870.0,
5/3/2015,05 MAR The University o 1686411 ,,95.24,
19/3/2015,19 MAR The University o 1686411 ,,317.46,
31/3/2015,31 MAR CREDIT INTEREST ,,0.01,
2/4/2015,02 APR The University o 1686411 ,,317.46,
16/4/2015,16 APR INTERNET WITHDRAWAL 16APR 19:34 Mt Hotham payment ,875.0,,
16/4/2015,16 APR The University o ,,317.46,
23/4/2015,23 APR INTERNET WITHDRAWAL 23APR 20:03 car - first payment ,1000.0,,
24/4/2015,24 APR ADELAIDE UNI 936821 ,,6000.0,
27/4/2015,27 APR INTERNET WITHDRAWAL 25APR 17:15 car - second payment ,2264.0,,
30/4/2015,30 APR The University o 1686411 ,,317.46,
30/4/2015,30 APR CREDIT INTEREST ,,0.01,
8/5/2015,08 MAY ADELAIDE UNI 938252 ,,100.0,
14/5/2015,14 MAY The University o 1686411 ,,317.46,
28/5/2015,28 MAY The University o 1686411 ,,317.46,
30/5/2015,30 MAY CREDIT INTEREST ,,0.03,
30/5/2015,30 MAY BONUS INTEREST ,,11.34,
11/6/2015,11 JUN The University o 1686411 ,,317.46,
18/6/2015,18 JUN EDUCATION ASP ,,1000.0,
25/6/2015,25 JUN The University o 1686411 ,,317.46,
30/6/2015,30 JUN CREDIT INTEREST ,,0.04,
30/6/2015,30 JUN BONUS INTEREST ,,13.27,
9/7/2015,09 JUL The University o ,,317.46,
25/9/2009,25 SEP M and V Dearing From Mum and Dad ,,10.0,
9/10/2009,09 OCT M and V Dearing From Mum and Dad ,,10.0,
23/10/2009,23 OCT M and V Dearing From Mum and Dad ,,10.0,
6/11/2009,06 NOV M and V Dearing From Mum and Dad ,,10.0,
20/11/2009,20 NOV M and V Dearing From Mum and Dad ,,10.0,
4/12/2009,04 DEC M and V Dearing From Mum and Dad ,,10.0,
19/6/2009,19 JUN M and V Dearing From Mum and Dad ,,10.0,
30/6/2009,30 JUN CREDIT INTEREST ,,0.8,
3/6/2009,03 JUN M and V Dearing From Mum and Dad ,,10.0,
17/7/2009,17 JUL M and V Dearing From Mum and Dad ,,10.0,
31/7/2009,31 JUL M and V Dearing From Mum and Dad ,,10.0,
14/8/2009,14 AUG M and V Dearing From Mum and Dad ,,10.0,
28/8/2009,28 AUG M and V Dearing From Mum and Dad ,,10.0,
11/9/2009,11 SEP M and V Dearing From Mum and Dad ,,10.0,
13/4/2011,13 APR CHEQUE DEPOSIT ,,100.0,
21/1/2016,21 JAN The University o 1686411 ,,317.46,
22/1/2016,22 JAN INTERNET WITHDRAWAL NZ Flight ,888.0,,
23/1/2016,23 JAN INTERNET WITHDRAWAL insurance and flight ,75.0,,
30/1/2016,30 JAN CREDIT INTEREST ,,0.09,
4/2/2016,04 FEB The University o 1686411 ,,317.46,
18/2/2016,18 FEB The University o 1686411 ,,317.46,
29/2/2016,29 FEB CREDIT INTEREST ,,0.09,
29/2/2016,29 FEB BONUS INTEREST ,,23.07,
3/3/2016,03 MAR The University o 1686411 ,,317.46,
8/3/2016,08 MAR INTERNET WITHDRAWAL Gym ,100.0,,
17/3/2016,17 MAR The University o 1686411 ,,317.46,
31/3/2016,31 MAR The University o 1686411 ,,317.46,
31/3/2016,31 MAR CREDIT INTEREST ,,0.1,
6/4/2016,06 APR INTERNET WITHDRAWAL 06APR 16:10 Ipad,1400.0,,
13/4/2016,13 APR INTERNET WITHDRAWAL 13APR 09:46 NZ trip ,748.0,,
14/4/2016,14 APR The University o 1686411 ,,317.46,
28/4/2016,28 APR The University o 1686411 ,,317.46,
30/4/2016,30 APR CREDIT INTEREST ,,0.08,
3/5/2016,03 MAY INTERNET WITHDRAWAL 03MAY 16:18 Warm up top - verco ,25.0,,
9/5/2016,09 MAY INTERNET WITHDRAWAL 09MAY 08:41 TO 015-010 494282852 ,1000.0,,
11/5/2016,11 MAY INTERNET WITHDRAWAL 11MAY 18:16 TO 065-140 010214799 ,20.0,,
12/5/2016,12 MAY The University o 1686411 ,,317.46,
26/5/2016,26 MAY The University o ,,317.46,
31/5/2016,31 MAY CREDIT INTEREST ,,0.08,
9/6/2016,09 JUN The University o 1686411 ,,317.46,
15/6/2016,15 JUN ERICA STONE Jackson Dearing ,,100.0,
23/6/2016,23 JUN The University o 1686411 ,,317.46,
30/6/2016,30 JUN CREDIT INTEREST ,,0.07,
7/7/2016,07 JUL The University o 1686411 ,,317.46,
14/4/2008,14 APR CASH DEPOSIT ,,250.0,
30/6/2008,30 JUN CREDIT INTEREST ,,0.57,
23/7/2015,23 JUL The University o 1686411 ,,317.46,
31/7/2015,31 JUL CREDIT INTEREST ,,0.05,
6/8/2015,06 AUG The University o 1686411 ,,317.46,
17/8/2015,17 AUG INTERNET WITHDRAWAL 17AUG 00:12 Uni games ,1500.0,,
20/8/2015,20 AUG The University o 1686411 ,,317.46,
31/8/2015,31 AUG CREDIT INTEREST ,,0.05,
3/9/2015,03 SEP INTERNET WITHDRAWAL 03SEP 14:26 Flights ,1735.0,,
3/9/2015,03 SEP The University o 1686411 ,,317.46,
11/9/2015,11 SEP ADELAIDE UNI 953029 ,,6000.0,
17/9/2015,17 SEP The University o 1686411 ,,317.46,
24/9/2015,24 SEP CASH WITHDRAWAL ,500.0,,
30/9/2015,30 SEP CREDIT INTEREST ,,0.07,
30/9/2015,30 SEP OVER COUNTER/EXPRESS DEP FEES ,2.5,,
1/10/2015,01 OCT The University o ,,317.46,
15/10/2015,15 OCT The University o 1686411 ,,317.46,
28/10/2015,28 OCT INTERNET WITHDRAWAL 28OCT 00:48 Love you long time x ,330.0,,
29/10/2015,29 OCT The University o 1686411 ,,317.46,
31/10/2015,31 OCT CREDIT INTEREST ,,0.08,
12/11/2015,12 NOV The University o 1686411 ,,317.46,
26/11/2015,26 NOV The University o 1686411 ,,317.46,
30/11/2015,30 NOV CREDIT INTEREST ,,0.08,
10/12/2015,10 DEC The University o 1686411 ,,317.46,
24/12/2015,24 DEC The University o 1686411 ,,317.46,
31/12/2015,31 DEC CREDIT INTEREST ,,0.09,
31/12/2015,31 DEC BONUS INTEREST ,,22.47,
6/1/2016,06 JAN ERICA STONE Peter Alexander ,,98.07,
7/1/2016,07 JAN The University o 1686411 ,,317.46,
8/1/2016,08 JAN ADELAIDE UNI ,,500.0,
8/8/2012,08 AUG CHEQUE DEPOSIT ,,70.0,
23/7/2014,23 JUL INTERNET WITHDRAWAL 23JUL 16:05 Global work and travelco ,400.0,,
31/7/2014,31 JUL M and V Dearing From Nonno and Non ,,1000.0,
31/7/2014,31 JUL CREDIT INTEREST ,,0.5,
1/8/2014,01 AUG INTERNET WITHDRAWAL 01AUG 18:08 GWAT payment ,1000.0,,
7/8/2014,07 AUG INTERNET WITHDRAWAL 07AUG 08:29 Passport ,52.0,,
30/8/2014,30 AUG CREDIT INTEREST ,,0.33,
3/9/2014,03 SEP M and V Dearing From Nonno and Non ,,850.0,
5/9/2014,05 SEP CHEQUE DEPOSIT ,,3000.0,
11/9/2014,11 SEP INTERNET WITHDRAWAL 11SEP 19:04 Flights and Insurance ,3661.28,,
16/9/2014,16 SEP INTERNET DEPOSIT16SEP 10:22 FROM 1090018170140 ,,22.58,
30/9/2014,30 SEP CREDIT INTEREST ,,0.72,
31/10/2014,31 OCT CREDIT INTEREST ,,0.38,
31/10/2014,31 OCT BONUS INTEREST ,,2.71,
26/11/2014,26 NOV INTERNET DEPOSIT26NOV 10:45 ,,183.0,
8/12/2014,08 DEC INTERNET WITHDRAWAL Cash Passport ,300.0,,
10/12/2014,10 DEC INTERNET WITHDRAWAL Cash Passport ,1000.0,,
14/9/2015,14 SEP VISA PURCHASE 10/09/15 TICKETEK PTY LTD HINDMARSH ,19.0,,
15/9/2015,15 SEP VISA PURCHASE 11/09/15 THE REJECT SHOP AUST ADELAIDE ,6.0,,
18/9/2015,18 SEP EFTPOS PURCHASE 18SEP 15:14 HE UNIVERSITY OF ADE ADELAIDE SA AU ,7.0,,
23/9/2015,23 SEP EFTPOS PURCHASE 23SEP 19:45 MCCRACKEN C/CLUB VICTOR HARBOR AU ,14.5,,
23/9/2015,23 SEP EFTPOS PURCHASE 23SEP 19:49 MCCRACKEN C/CLUB VICTOR HARBOR AU ,15.1,,
23/9/2015,23 SEP VISA PURCHASE 22/09/15 CONXION MOLENDINA ,18.36,,
24/9/2015,24 SEP EFTPOS PURCHASE 24SEP 09:18 VICTOR RESORT HOTEL VICTOR HARBORSA ,32.0,,
24/9/2015,24 SEP EFTPOS PURCHASE 24SEP 11:17 RIVERS VICTOR HARBORVICTOR HARBOR AU ,5.0,,
24/9/2015,24 SEP CASH DEPOSIT ,,500.0,
24/9/2015,24 SEP EFTPOS PURCHASE 24SEP 11:51 VICTOR RESORT HOTEL VICTOR HARBORSA ,21.99,,
24/9/2015,24 SEP EFTPOS PURCHASE 24SEP 12:20 S/ARMY SALVOS STORES VICTOR HARBORSA AU ,18.5,,
24/9/2015,24 SEP ATM WITHDRAWAL 24SEP 12:23 DCP-Harbour Bakery Victor Harbou5 AU ,40.0,,
24/9/2015,24 SEP ATM OPERATOR FEE WDL 24SEP 12:23 ,2.5,,
24/9/2015,24 SEP EFTPOS REFUND 24SEP 12:47 RIVERS VICTOR HARBORVICTOR HARBOR AU ,,2.0,
24/9/2015,24 SEP TRINITY COLLEGE 0039024/09/2015 ,,100.0,
25/9/2015,25 SEP EFTPOS PURCHASE 25SEP 09:05 VICTOR RESORT HOTEL VICTOR HARBORSA ,34.0,,
25/9/2015,25 SEP EFTPOS PURCHASE 25SEP 12:27 CAUSEWAY KIOSK VICTOR HARBORSA AU ,8.0,,
26/9/2015,26 SEP INTERNET WITHDRAWAL 26SEP 08:35 TO 805-050 004328287 ,25.0,,
26/9/2015,26 SEP EFTPOS PURCHASE 26SEP 11:50 WOOLWORTHS 5623 WEST LAKES AU ,10.0,,
26/9/2015,26 SEP EFTPOS PURCHASE 26SEP 12:40 JUST CUTS WEST LAKESWEST LAKES AU ,29.95,,
26/9/2015,26 SEP VISA PURCHASE 24/09/15 TIMOTHY JOHN BURGESS ENCOUNTER ,11.9,,
28/9/2015,28 SEP EFTPOS PURCHASE 28SEP 11:13 HJ ASHMORE ASHMORE QLDAU ,8.95,,
28/9/2015,28 SEP EFTPOS PURCHASE 27SEP 12:21 Pie Face Mascot AU ,6.95,,
28/9/2015,28 SEP EFTPOS PURCHASE 28SEP 14:47 DELCAIN PTY LTD SURFERS PARA QLD ,31.5,,
28/9/2015,28 SEP EFTPOS PURCHASE 27SEP 18:02 BWS 2875 SURFERSPRDISEAU ,58.0,,
28/9/2015,28 SEP VISA PURCHASE 26/09/15 TARGET 5394 WEST LAKE ,5.0,,
29/9/2015,29 SEP EFTPOS PURCHASE 29SEP 01:02 NIGHT OWL SURFERS PAR SURFERS PARADQLDAU ,2.25,,
29/9/2015,29 SEP ATM WITHDRAWAL 29SEP 10:07 ASHMORE TAVERN 1 ASHMORE ,40.0,,
29/9/2015,29 SEP ATM OPERATOR FEE WDL 29SEP 10:07 ASHMORE TAVERN 1 ASHMORE ,2.5,,
29/9/2015,29 SEP EFTPOS PURCHASE 29SEP 15:23 DELCAIN PTY LTD SURFERS PARA QLD ,7.96,,
29/9/2015,29 SEP VISA PURCHASE 26/09/15 THE REJECT SHOP WEST LAKE ,2.0,,
29/9/2015,29 SEP VISA PURCHASE 26/09/15 ,10.0,,
29/9/2015,29 SEP VISA PURCHASE 26/09/15 LOWES WEST LAKES WEST LAKE ,30.0,,
30/9/2015,30 SEP ATM WITHDRAWAL 30SEP 10:45 Go Bowling Ashmore** Ashmore 04AU ,50.0,,
30/9/2015,30 SEP ATM OPERATOR FEE WDL 30SEP 10:45 Go Bowling Ashmore** Ashmore 04AU ,2.9,,
30/9/2015,30 SEP EFTPOS PURCHASE 30SEP 14:56 WOOLWORTHS 2613 SURFERS PARADAU ,8.12,,
30/9/2015,30 SEP EFTPOS PURCHASE 30SEP 15:12 BWS 2925 SURFPRDSETAV AU ,47.5,,
30/9/2015,30 SEP EFTPOS PURCHASE 29SEP 23:39 MELBAS HOLDINGS QLD SURFERS PARA QLD ,36.0,,
1/10/2015,01 OCT EFTPOS PURCHASE 01OCT 18:33 BWS 2875 SURFERSPRDISEAU ,58.5,,
2/10/2015,02 OCT EFTPOS PURCHASE 02OCT 00:49 MELBAS HOLDINGS QLD SURFERS PARA QLD ,48.0,,
2/10/2015,02 OCT EFTPOS PURCHASE 02OCT 14:36 BWS 2925 SURFPRDSETAV AU ,40.0,,
2/10/2015,02 OCT EFTPOS PURCHASE 02OCT 14:47 DELCAIN PTY LTD SURFERS PARA QLD ,14.35,,
2/10/2015,02 OCT EFTPOS PURCHASE 02OCT 19:15 BWS 2875 SURFERSPRDISEAU ,11.0,,
2/10/2015,02 OCT ATM WITHDRAWAL 02OCT 19:18 Q1 LUCKY 7 STORE SURFERS PARADAU ,60.0,,
2/10/2015,02 OCT ATM OPERATOR FEE WDL 02OCT 19:18 Q1 LUCKY 7 STORE SURFERS PARADAU ,2.5,,
3/10/2015,03 OCT EFTPOS PURCHASE 03OCT 00:50 SHOOTERS JV PTY LTD SURFERS PARA AU ,18.5,,
3/10/2015,03 OCT EFTPOS PURCHASE 03OCT 01:02 SHOOTERS JV PTY LTD SURFERS PARA AU ,18.5,,
3/10/2015,03 OCT EFTPOS PURCHASE 03OCT 02:04 SHOOTERS JV PTY LTD SURFERS PARA AU ,9.5,,
3/10/2015,03 OCT EFTPOS PURCHASE 03OCT 04:43 MCDONALDS CAVILL III SURFERS PARADQLDAU ,5.0,,
3/10/2015,03 OCT EFTPOS PURCHASE 03OCT 12:23 JOHJEN PTY LTD AU ,6.0,,
3/10/2015,03 OCT EFTPOS PURCHASE 03OCT 13:13 ,7.0,,
3/10/2015,03 OCT VISA PURCHASE 02/10/15 ASHMORE TAVERN ASHMORE ,15.4,,
5/10/2015,05 OCT ATM WITHDRAWAL 04OCT 10:18 IGA Surfers Paradise Surfers ParadAU ,60.0,,
5/10/2015,05 OCT ATM OPERATOR FEE WDL 04OCT 10:18 IGA Surfers Paradise Surfers ParadAU ,2.5,,
5/10/2015,05 OCT EFTPOS PURCHASE 04OCT 13:42 NEWSLINK PTY LTD EAGLE FARM QLD ,9.1,,
5/10/2015,05 OCT EFTPOS PURCHASE 03OCT 22:16 TANDOORI PLACE SURFERS PARADQLDAU ,16.0,,
6/10/2015,06 OCT VISA PURCHASE 04/10/15 OLIVERSKITCHEN QLD SURFERS P ,10.0,,
6/10/2015,06 OCT VISA PURCHASE 02/10/15 PAYPAL *OPTUS PREPA 402935773 ,30.0,,
7/10/2015,07 OCT VISA PURCHASE 04/10/15 SFS BDA WAS WAR M882 EAGLE FAR ,15.0,,
8/10/2015,08 OCT TRINITY COLLEGE 003908/10/2015 ,,100.0,
8/10/2015,08 OCT VISA PURCHASE 06/10/15 PENANG HAWKERS CORNE ADELAIDE ,11.4,,
12/10/2015,12 OCT EFTPOS PURCHASE 12OCT 09:41 THE GENERAL ADELAIDE ADELAIDE UNI SA AU ,3.0,,
13/10/2015,13 OCT ATM WITHDRAWAL 13OCT 11:45 BANKSA ADELAIDE 5 AU ,50.0,,
13/10/2015,13 OCT ATM WITHDRAWAL 13OCT 11:47 BANKSA ADELAIDE 5 AU ,50.0,,
17/10/2015,17 OCT VISA PURCHASE 15/10/15 AMAZON MKTPLACE PMTS AMAZON.CO ,84.85,,
22/10/2015,22 OCT TRINITY COLLEGE 0039022/10/2015 ,,100.0,
27/10/2015,27 OCT EFTPOS PURCHASE 27OCT 10:28 PLINE GAWLER PLACE ADELAIDE SA AU ,17.99,,
27/10/2015,27 OCT EFTPOS PURCHASE 27OCT 12:42 AKA JAPANESE CUISIN\ADELAIDE AU ,10.0,,
28/10/2015,28 OCT EFTPOS PURCHASE 27OCT 22:26 CALTEX MILITARY RD GRANGE SA 4177 ,30.35,,
29/10/2015,29 OCT EFTPOS PURCHASE 29OCT 11:03 DISCOUNT STATION CH\ADELAIDE AU ,27.98,,
14/11/2015,14 NOV EFTPOS PURCHASE 14NOV 14:11 FROOT CAFE SEMAPHORE SA ,17.7,,
16/11/2015,16 NOV EFTPOS PURCHASE 14NOV 19:09 PASTA GO GO MALVERN ,12.9,,
20/11/2015,20 NOV EFTPOS PURCHASE 20NOV 16:11 REBEL WEST LAKES WEST LAKES ,81.97,,
20/11/2015,20 NOV EFTPOS PURCHASE 20NOV 16:53 JUST CUTS WEST LAKE\WEST LAKES ,29.95,,
20/11/2015,20 NOV EFTPOS PURCHASE 20NOV 17:07 COTTON ON MEGA WEST LAKES ,72.0,,
20/11/2015,20 NOV EFTPOS PURCHASE 20NOV 17:16 FROM 38-DEGREE SURF WST LK WEST LAKES ,24.99,,
20/11/2015,20 NOV EFTPOS PURCHASE 20NOV 17:21 FACTORIE WEST LAKES WEST LAKES ,29.95,,
24/11/2015,24 NOV VISA PURCHASE 20/11/15 GOODWOOD PARK HOTEL GOODWOOD ,14.0,,
24/11/2015,24 NOV VISA PURCHASE 21/11/15 LIBERTY GOLDEN GROVE GOLDEN GR ,34.45,,
27/11/2015,27 NOV VISA PURCHASE 26/11/15 CHEMIST WAREHOUSE ADELAIDE ,16.36,,
28/11/2015,28 NOV VISA PURCHASE 26/11/15 FACTORIE ADELAIDE ,25.0,,
28/11/2015,28 NOV VISA PURCHASE 26/11/15 COTTON ON MEGA ADELAIDE ,41.93,,
1/12/2015,01 DEC VISA PURCHASE 26/11/15 CONNOR CLOTHING PTY ADELAIDE ,49.99,,
2/12/2015,02 DEC VISA PURCHASE 30/11/15 ,10.41,,
3/12/2015,03 DEC VISA PURCHASE 30/11/15 PAYPAL *MOVEMBERFOU 402935773 ,10.41,,
7/1/2016,07 JAN VISA PURCHASE 06/01/16 PETER ALEXANDER RICHMOND ,98.07,,
19/1/2016,19 JAN INTERNET WITHDRAWAL 19JAN 01:57 NZ deposit ,200.0,,
27/2/2016,27 FEB VISA PURCHASE O/SEAS 26/02/16 CA VENDING 800-387-9 CAD 2.00 ,2.05,,
27/2/2016,27 FEB FOREIGN CURRENCY CONVERSN FEE ,0.06,,
1/3/2016,01 MAR EFTPOS PURCHASE 29FEB 21:27 Robin Hood Hotel Norwood AU ,19.0,,
2/3/2016,02 MAR VISA PURCHASE 29/02/16 UNIVERSITY OF ADELAI ADLEIADE ,10.0,,
2/3/2016,02 MAR VISA PURCHASE 01/03/16 The General Adelaide ,15.0,,
2/3/2016,02 MAR VISA PURCHASE 29/02/16 PAYPAL *OPTUS PREPA 402935773 ,30.0,,
3/3/2016,03 MAR INTERNET WITHDRAWAL 03MAR 11:45 From Jacko ,70.0,,
4/3/2016,04 MAR INTERNET WITHDRAWAL 04MAR 12:51 Quilt,50.0,,
4/3/2016,04 MAR JACKSON DEARING From Jacko ,,70.0,
7/3/2016,07 MAR ATM WITHDRAWAL 06MAR 09:44 REDIATM 33 GILBERT STREADELAIDE 500005AU ,70.0,,
7/3/2016,07 MAR ATM OPERATOR FEE WDL 06MAR 09:44 REDIATM 33 GILBERT STREADELAIDE 500005AU ,2.5,,
7/3/2016,07 MAR ATM WITHDRAWAL 06MAR 10:34 REDIATM 33 GILBERT STREADELAIDE 500005AU ,50.0,,
7/3/2016,07 MAR ATM OPERATOR FEE WDL 06MAR 10:34 REDIATM 33 GILBERT STREADELAIDE 500005AU ,2.5,,
7/3/2016,07 MAR DARREN HATCHER Daz snowboard ,,150.0,
8/3/2016,08 MAR EFTPOS PURCHASE 08MAR 08:55 THE SPORTS HUB ADELAIDE UNI SA AU ,220.0,,
8/3/2016,08 MAR INTEREST DEPOSIT 08MAR 09:15 Gym ,,100.0,
10/3/2016,10 MAR VISA PURCHASE 04/03/16 PAYPAL *RBI SUBSCR 402935773 ,80.0,,
11/3/2016,11 MAR ATM WITHDRAWAL 11MAR 18:00 BANKSA ADELAIDE 5 AU ,50.0,,
11/3/2016,11 MAR VISA PURCHASE 10/03/16 UNIBOOKS PTY LTD ADELAIDE ,5.5,,
11/1/2013,11 JAN TRANSER TO A/C ,2600.0,,
11/1/2013,11 JAN INTERNET WITHDRAWAL TO 0090113926140,5.0,,
12/1/2013,12 JAN EFTPOS PURCHASE YMCA OF SOUTH ASTRA ELIZABETH SA,11.6,,
12/1/2013,12 JAN EFTPOS PURCHASE YMCA OF SOUTH AUSTR ELIZABETH SA,7.4,,
13/3/2013,13 MAR EFTPOS PURCHASE PEC DECK CAFE EVANSTON PARK SA AU,15.95,,
21/11/2008,21 NOV M and V Dearing From Mum and Dad ,,10.0,
5/12/2008,05 DEC M and V Dearing From Mum and Dad ,,10.0,
19/12/2008,19 DEC M and V Dearing From Mum and Dad ,,10.0,
31/12/2008,31 DEC CREDIT INTEREST ,,0.77,
2/1/2009,02 JAN M and V Dearing From Mum and Dad ,,10.0,
16/1/2009,16 JAN M and V Dearing From Mum and Dad ,,10.0,
30/1/2009,30 JAN M and V Dearing From Mum and Dad ,,10.0,
13/2/2009,13 FEB M and V Dearing From Mum and Dad ,,10.0,
31/7/2013,31 JUL CREDIT INTEREST ,,1.68,
31/7/2013,31 JUL BONUS INTEREST ,,8.4,
31/8/2013,31 AUG CREDIT INTEREST ,,1.48,
31/8/2013,31 AUG BONUS INTEREST ,,8.32,
30/9/2013,30 SEP CREDIT INTEREST ,,1.09,
30/9/2013,30 SEP BONUS INTEREST ,,7.87,
31/10/2013,31 OCT CREDIT INTEREST ,,1.13,
31/10/2013,31 OCT BONUS INTEREST ,,8.09,
13/11/2013,13 NOV INTERNET WITHDRAWAL 13NOV 08:18 Snow trip deposit ,250.0,,
30/11/2013,30 NOV CREDIT INTEREST ,,1.04,
31/12/2013,31 DEC CREDIT INTEREST ,,1.03,
31/12/2013,31 DEC BONUS INTEREST ,,7.23,
21/7/2011,21 JUL CASH AND/OR CHQS ,,1000.0,
18/12/2009,18 Dec M and V Dearing From Mum and Dad ,,10.0,
4/1/2010,04 Jan M and V Dearing From Mum and Dad ,,10.0,
15/1/2010,15 Jan M and V Dearing From Mum and Dad ,,10.0,
29/1/2010,29 Jan M and V Dearing From Mum and Dad ,,10.0,
12/2/2010,12 Feb M and V Dearing From Mum and Dad ,,10.0,
26/2/2010,26 Feb M and V Dearing From Mum and Dad ,,10.0,
12/3/2010,12 Mar M and V Dearing From Mum and Dad ,,10.0,
1/2/2010,01 Feb CASH DEPOSIT ,,495.0,
16/9/2014,16 SEP INTERNET WITHDRAWAL 16SEP 10:22 TO 0090113926140 ,22.58,,
17/9/2014,17 SEP EFTPOS PURCHASE17SEP 09:03 POSTGAWLERSA AU ,51.8,,
22/9/2014,22 SEP EFTPOS PURCHASE22SEP 12:58 WOOLWORTHS5621GOLDEN GROSA AU ,15.98,,
22/9/2014,22 SEP EFTPOS PURCHASE22SEP 14:35 DRAKE SUPERMARKETS SEMAPHORE SA 04 ,11.55,,
25/9/2014,25 SEP TRINITY COLLEGE 0039025/09/2014 ,,60.0,
30/9/2014,30 SEP ACCOUNT SERVICE FEE ,5.0,,
8/10/2014,08 OCT EFTPOS PURCHASE08OCT 10:51 DAVID JONES LIMITED WEST LAKES SA ,67.41,,
9/10/2014,09 OCT TRINITY COLLEGE 003909/10/2014 ,,60.0,
20/10/2014,20 OCT EFTPOS PURCHASE19OCT 16:17 MYER ADELAIDE CITYADELAIDESA ,99.95,,
21/10/2014,21 OCT EFTPOS PURCHASE21OCT 16:45 WOOLWORTHS5623WEST LAKESSA AU ,8.0,,
23/10/2014,23 OCT TRINITY COLLEGE 0039023/10/2014 ,,60.0,
31/10/2014,31 OCT ACCOUNT SERVICE FEE ,5.0,,
6/11/2014,06 NOV TRINITY COLLEGE 003906/11/2014 ,,60.0,
20/11/2014,20 NOV TRINITY COLLEGE 0039020/11/2014 ,,100.0,
21/11/2014,21 NOV EFTPOS PURCHASE21NOV 14:35 JB HI FI WESTLAKESWEST LAKESSA ,36.98,,
22/11/2014,22 NOV EFTPOS PURCHASE21NOV 22:49 RAMSGATE HOTELHENLEY BEACH SA AU ,10.0,,
26/11/2014,26 NOV CASH DEPOSIT ,,35.0,
26/11/2014,26 NOV CASH DEPOSIT ,,1200.0,
26/11/2014,26 NOV EFTPOS PURCHASE26NOV 12:08 KATH WEST LAKESWEST LAKESAU ,260.17,,
3/12/2014,03 DEC ATM WITHDRAWAL03DEC 15:37 BANKSAWEST LAKES SA5 AU ,20.0,,
3/12/2014,03 DEC CASH DEPOSIT ,,450.0,
3/12/2014,03 DEC INTERNET WITHDRAWAL 03DEC 19:25 Cash passport ,500.0,,
4/12/2014,04 DEC TRINITY COLLEGE 003904/12/2014 ,,100.0,
18/12/2014,18 DEC TRINITY COLLEGE 0039018/12/2014 ,,200.0,
15/1/2015,15 JAN TRINITY COLLEGE 0039015/01/2015 ,,100.0,
29/1/2015,29 JAN TRINITY COLLEGE 0039029/01/2015 ,,100.0,
12/2/2015,12 FEB TRINITY COLLEGE 0039012/02/2015 ,,100.0,
2/3/2015,02 MAR EFTPOS PURCHASE02MAR 09:54 UNIBOOKS PTY LTDADELAIDE ,81.31,,
2/3/2015,02 MAR INTERNET DEPOSIT01MAR 23:11 Uni books ,,500.0,
5/3/2015,05 MAR EFTPOS PURCHASE05MAR 09:21 JRS SURF SHOP MYER LVL 2 ADELAIDE SA ,99.99,,
10/3/2015,10 MAR EFTPOS PURCHASE10MAR 09:58 THE SPORTS HUBADELAIDE UNI SA AU ,180.0,,
10/3/2015,10 MAR VISA PURCHASE06/03/15 UNIVERSITY OF ADELAI ADLEIADE ,15.0,,
11/3/2015,11 MAR EFTPOS PURCHASE11MAR 16:30 UNIBOOKS PTY LTDADELAIDE ,110.46,,
12/3/2015,12 MAR TRINITY COLLEGE ,,100.0,
26/2/2015,26 FEB INTERNET WITHDRAWAL Clean out ,497.0,,
26/2/2015,26 FEB TRINITY COLLEGE ,,100.0,
28/2/2015,28 FEB EFTPOS PURCHASE ADELAIDE METROCARD ,30.0,,
22/3/2014,22 Mar EFTPOS PURCHASE22MAR 20:42 QUEENIES STORELARGS BAY SA ,64.0,,
24/3/2014,24 Mar EFTPOS PURCHASE23MAR 16:58 OTR EVANSTON 7219EVANSTON ,30.0,,
27/3/2014,27 Mar TRINITY COLLEGE 0039027/03/2014 ,,50.0,
10/4/2014,10 Apr TRINITY COLLEGE 0039010/04/2014 ,,50.0,
14/4/2014,14 Apr EFTPOS PURCHASE14APR 14:33 COTTON ON MEGAWEST LAKESSA ,44.96,,
19/4/2014,19 Apr EFTPOS PURCHASE19APR 15:03 JUST CUTS WEST LAKESWEST LAKES ,29.0,,
23/4/2014,23 Apr TRINITY COLLEGE 0039024/04/2014 ,,50.0,
26/4/2014,26 Apr EFTPOS PURCHASE24APR 21:26 FUEL PARA HILLS WEST PARA HILLS WESA AU ,16.19,,
5/5/2014,05 May EFTPOS PURCHASE04MAY 04:39 GM CABS AUSTRALIAMASCOTNSWAU ,39.84,,
5/5/2014,05 May EFTPOS PURCHASE05MAY 15:43 SERVICE SA GAWLERGAWLER SA ,29.0,,
7/5/2014,07 May EFTPOS PURCHASE07MAY 16:09 ,17.0,,
8/5/2014,08 MAY TRINITY COLLEGE 003908/05/2014 ,,50.0,
22/5/2014,22 MAY TRINITY COLLEGE 0039022/05/2014 ,,50.0,
31/5/2014,31 MAY EFTPOS PURCHASE31MAY 18:23 MARION HOTELMITCHELL PARKSA AU ,3.9,,
5/6/2014,05 JUN TRINITY COLLEGE 003905/06/2014 ,,60.0,
7/6/2014,07 JUN EFTPOS PURCHASE07JUN 15:52 TARGET CENTREPOINTSAAU ,24.0,,
19/6/2014,19 JUN TRINITY COLLEGE 0039019/06/2014 ,,60.0,
21/6/2014,21 JUN EFTPOS PURCHASE21JUN 10:09 Ed Harry Menswe2848935 WEST LAKES05AU ,25.0,,
25/6/2014,25 JUN EFTPOS PURCHASE25JUN 16:11 OFFICEWORKS ELIZABETHSAAU ,30.5,,
30/6/2014,30 JUN ACCOUNT SERVICE FEE ,5.0,,
3/7/2014,03 JUL EFTPOS PURCHASE03JUL 16:33 HANDYWAY BETTSWEST LAKESSA AU ,44.99,,
3/7/2014,03 JUL EFTPOS PURCHASE03JUL 20:35 FASTA PASTA GAWLERGAWLERSA ,10.0,,
3/7/2014,03 JUL TRINITY COLLEGE 003903/07/2014 ,,60.0,
4/7/2014,04 JUL EFTPOS PURCHASE04JUL 18:37 MAWSON LAKES HOTELAU ,30.8,,
4/7/2014,04 JUL EFTPOS PURCHASE04JUL 18:39 MAWSON LAKES HOTELAU ,12.0,,
5/7/2014,05 JUL EFTPOS PURCHASE05JUL 18:39 L/LAND GOLDEN GROVESAAU ,37.0,,
10/7/2014,10 JUL EFTPOS PURCHASE10JUL 13:38 KATH WEST LAKESWEST LAKESAU ,19.98,,
16/7/2014,16 JUL EFTPOS PURCHASE16JUL 10:09 HOTHAM CENTRAL SUPERMOUNT HOTHAM VI ,10.0,,
16/7/2014,16 JUL EFTPOS PURCHASE16JUL 12:49 SWINDLERS RESTAURANTMOUNT HOTHAM VI ,4.5,,
17/7/2014,17 JUL TRINITY COLLEGE 0039017/07/2014 ,,60.0,
21/7/2014,21 JUL EFTPOS PURCHASE20JUL 13:50 MAN TO MANWESTLAKESAU ,29.95,,
23/7/2014,23 JUL EFTPOS PURCHASE23JUL 08:23 OTR ELZBTH STH7221 ELIZABETH STHAU ,30.0,,
23/7/2014,23 JUL INTERNET DEPOSIT23JUL 16:05 Global work and travelco ,,400.0,
23/7/2014,23 JUL INTERNET WITHDRAWAL 23JUL 16:10 Deposit ,695.0,,
24/7/2014,24 JUL EFTPOS PURCHASE24JUL 20:28 FASTA PASTA GAWLERGAWLERSA ,13.9,,
31/7/2014,31 JUL ACCOUNT SERVICE FEE ,5.0,,
31/7/2014,31 JUL TRINITY COLLEGE 0039031/07/2014 ,,60.0,
1/8/2014,01 AUG EFTPOS PURCHASE01AUG 16:21 POSTGAWLERSA AU ,16.95,,
1/8/2014,01 AUG INTERNET DEPOSIT01AUG 18:08 GWAT payment ,,1000.0,
1/8/2014,01 AUG INTERNET WITHDRAWAL 01AUG 18:41 TO 084-917 838902876 ,940.0,,
7/8/2014,07 AUG INTERNET DEPOSIT07AUG 08:29 Passport ,,52.0,
7/8/2014,07 AUG EFTPOS PURCHASE07AUG 13:17 POSTGAWLERSA AU ,244.0,,
14/8/2014,14 AUG TRINITY COLLEGE 0039014/08/2014 ,,60.0,
28/8/2014,28 AUG TRINITY COLLEGE 0039028/08/2014 ,,60.0,
30/8/2014,30 AUG ACCOUNT SERVICE FEE ,5.0,,
11/9/2014,11 SEP TRINITY COLLEGE ,,60.0,
21/7/2016,21 JUL The University o 1686411 ,,317.46,
22/7/2016,22 JUL INTERNET WITHDRAWAL TO 105-008 091159640 ,500.0,,
30/7/2016,30 JUL CREDIT INTEREST ,,0.07,
4/8/2016,04 AUG The University o 1686411 ,,317.46,
18/8/2016,18 AUG The University o 1686411 ,,317.46,
31/8/2016,31 AUG CREDIT INTEREST ,,0.06,
1/9/2016,01 SEP The University o 1686411 ,,317.46,
15/9/2016,15 SEP The University o 1686411 ,,317.46,
29/9/2016,29 SEP The University o 1686411 ,,317.46,
30/9/2016,30 SEP CREDIT INTEREST ,,0.06,
30/9/2016,30 SEP BONUS INTEREST ,,11.6,
13/10/2016,13 OCT The University o 1686411 ,,317.46,
27/10/2016,27 OCT The University o 1686411 ,,317.46,
31/10/2016,31 OCT CREDIT INTEREST ,,0.06,
10/11/2016,10 NOV The University o 1686411 ,,317.46,
24/11/2016,24 NOV The University o 1686411 ,,317.46,
30/11/2016,30 NOV CREDIT INTEREST ,,0.06,
30/11/2016,30 NOV BONUS INTEREST ,,11.33,
8/12/2016,08 DEC The University o 1686411 ,,317.46,
22/12/2016,22 DEC The University o 1686411 ,,317.46,
31/12/2016,31 DEC CREDIT INTEREST ,,0.06,
31/12/2016,31 DEC BONUS INTEREST ,,12.59,
20/6/2013,20 Jun TRINITY COLLEGE 0039020/06/2013 ,,40.0,
4/7/2013,04 Jul TRINITY COLLEGE 003904/07/2013 ,,40.0,
12/7/2013,12 Jul EFTPOS PURCHASE12JUL 12:08 RIVERS ELIZABETHELIZABETH ,19.95,,
18/7/2013,18 Jul TRINITY COLLEGE 0039018/07/2013 ,,40.0,
25/7/2013,25 Jul EFTPOS PURCHASE25JUL 20:25 FASTA PASTA GAWLERGAWLER ,16.4,,
1/8/2013,01 Aug TRINITY COLLEGE 003901/08/2013 ,,40.0,
15/8/2013,15 Aug TRINITY COLLEGE 0039015/08/2013 ,,40.0,
28/8/2013,28 Aug EFTPOS PURCHASE28AUG 15:55 GAWLER CHEMPLUSGAWLER ,14.99,,
29/8/2013,29 Aug TRINITY COLLEGE 0039029/08/2013 ,,40.0,
12/9/2013,12 Sep TRINITY COLLEGE ,,40.0,
11/1/2013,11 JAN TRANSFER CREDIT ,,2600.0,
11/1/2013,11 JAN INTERNET DEPOSIT FROM 1090018170140 ,,5.0,
31/1/2013,31 JAN CREDIT INTEREST ,,1.12,
31/1/2013,31 JAN BONUS INTEREST ,,5.99,
28/2/2013,28 FEB CREDIT INTEREST ,,1.5,
30/3/2013,30 MAR CREDIT INTEREST ,,1.66,
30/4/2013,30 APR CREDIT INTEREST ,,1.61,
31/5/2013,31 MAY CREDIT INTEREST ,,1.66,
31/5/2013,31 MAY BONUS INTEREST ,,8.74,
29/6/2013,29 JUN CREDIT INTEREST ,,1.62,
29/6/2013,29 JUN BONUS INTEREST ,,8.1,
14/3/2016,14 MAR EFTPOS PURCHASE 13MAR 16:04 REID CYCLES ADELAIDE SA ,334.98,,
15/3/2016,15 MAR EFTPOS PURCHASE 15MAR 08:32 ADELAIDE METROCARD ADELAIDE ,50.0,,
15/3/2016,15 MAR VISA PURCHASE 12/03/16 GOLDEN GROVE TAVERN REY DOWNS ,7.8,,
15/3/2016,15 MAR VISA PURCHASE 11/03/16 CONNOR CLOTHING PTY ADELAIDE ,49.99,,
19/3/2016,19 MAR VISA PURCHASE 18/03/16 UNIBOOKS PTY LTD ADELAIDE ,13.05,,
21/3/2016,21 MAR INTERNET WITHDRAWAL 20MAR 20:20 From J Dearing ,12.0,,
22/3/2016,22 MAR VISA PURCHASE 18/03/16 SILKS ON GRENFELL HO ADELAIDE ,20.0,,
23/3/2016,23 MAR VISA PURCHASE 21/03/16 REID CYCLES ADELAIDE ,23.99,,
30/3/2016,30 MAR VISA PURCHASE 24/03/16 ,26.1,,
7/4/2016,07 APR VISA PURCHASE 05/04/16 BABYLON BARBERS WEST LAKE ,28.0,,
9/4/2016,09 APR VISA PURCHASE 06/04/16 JB HI FI ADELAIDE CI ADELAIDE ,59.95,,
11/4/2016,11 APR VISA PURCHASE 07/04/16 APPLE ITUNES STORE SYDNEY ,5.99,,
12/4/2016,12 APR VISA PURCHASE 09/04/16 BAKERS II PTY LTD NORTH ADE ,7.4,,
12/4/2016,12 APR VISA PURCHASE 09/04/16 BAKERS II PTY LTD NORTH ADE ,14.3,,
15/4/2016,15 APR EFTPOS PURCHASE 15APR 12:39 BUNNINGS WOODVILLE 5068 REG 93 ,10.7,,
15/4/2016,15 APR VISA PURCHASE 14/04/16 TARGET 5009 ADELAIDE ,3.99,,
15/4/2016,15 APR VISA PURCHASE 14/04/16 KMART 1211 ADELAIDE ,7.5,,
18/4/2016,18 APR EFTPOS PURCHASE 17APR 14:00 WOOLWORTHS 5621 GOLDEN GROVE AU ,20.0,,
2/4/2016,02 APR VISA PURCHASE 30/03/16 BENLEIGH VENDING SYS WINGFIELD ,3.0,,
6/4/2016,06 APR EFTPOS PURCHASE 06APR 15:49 Apple Store Rundle Pla ,1513.0,,
6/4/2016,06 APR INTERNET DEPOSIT 06APR 16:10 Ipad ,,1400.0,
6/4/2016,06 APR INTERNET DEPOSIT 06APR 17:03 ,,50.0,
18/4/2016,18 APR VISA PURCHASE 14/04/16 THE REJECT SHOP AUST ADELAIDE ,1.25,,
18/4/2016,18 APR VISA PURCHASE 14/04/16 THE REJECT SHOP AUST ADELAIDE ,2.5,,
18/4/2016,18 APR VISA PURCHASE 14/04/16 THE REJECT SHOP AUST ADELAIDE ,3.0,,
19/4/2016,19 APR VISA PURCHASE 16/04/16 GENERAL HAVELOCK PTY ADELAIDE ,17.5,,
19/4/2016,19 APR VISA PURCHASE 17/04/16 TARGET 5191 GOLDEN GR ,25.0,,
23/4/2016,23 APR ATM WITHDRAWAL 23APR 15:03 CASHCARD\WOOLSHED ON HINDLEY #3\ADELA AU ,20.0,,
23/4/2016,23 APR ATM OPERATOR FEE WDL 23APR 15:03 CASHCARD\WOOLSHED ON HINDLEY #3\ADELA AU ,2.8,,
27/4/2016,27 APR VISA PURCHASE 23/04/16 S AND AD BASHEER NOM LAIDE ,21.98,,
29/4/2016,29 APR VISA PURCHASE 27/04/16 PAYPAL *OPTUS PREPA 402935773 ,30.0,,
30/4/2016,30 APR VISA PURCHASE 28/04/16 ADELAIDE UNIVERSITY CLOVELLY ,25.0,,
30/4/2016,30 APR ACCOUNT SERVICE FEE ,5.0,,
2/5/2016,02 MAY EFTPOS PURCHASE 01MAY 03:54 GM CABS AUSTRALIA MASCOT NSWAU ,37.74,,
4/5/2016,04 MAY INTERNET DEPOSIT 04MAY 10:44 ,,35.0,
4/5/2016,04 MAY VISA PURCHASE 02/05/16 AUST FEDERAL POLICE SYDNEY ,42.19,,
7/5/2016,07 MAY VISA PURCHASE 04/05/16 CONNOR CLOTHING PTY ADELAIDE ,24.99,,
10/5/2016,10 MAY VISA PURCHASE 06/05/16 BENLEIGH VENDING SYS WINGFIELD ,3.0,,
10/5/2016,10 MAY VISA PURCHASE 06/05/16 BENLEIGH VENDING SYS WINGFIELD ,3.0,,
10/5/2016,10 MAY VISA PURCHASE 07/05/16 BENLEIGH VENDING SYS WINGFIELD ,3.0,,
10/5/2016,10 MAY VISA PURCHASE 07/05/16 BENLEIGH VENDING SYS WINGFIELD ,3.0,,
10/5/2016,10 MAY VISA PURCHASE 07/05/16 BP WOODVILLE 5941 WOODVILLE ,10.25,,
11/5/2016,11 MAY VISA PURCHASE 09/05/16 KFC HINDLEY STREET ADELAIDE ,16.9,,
12/5/2016,12 MAY VISA PURCHASE 09/05/16 AMF NORWOOD NORWOOD ,30.0,,
14/5/2016,14 MAY VISA PURCHASE 11/05/16 GRILLD PTY LTD ADELAIDE ,25.3,,
16/5/2016,16 MAY EFTPOS PURCHASE 16MAY 20:48 ADELAIDE METROCARD ADELAIDE AU ,30.0,,
17/5/2016,17 MAY VISA PURCHASE 13/05/16 ADELAIDE OVAL SMA LT NTH ADELA ,10.0,,
17/5/2016,17 MAY VISA PURCHASE 14/05/16 ,17.5,,
16/6/2016,16 JUN CASH DEPOSIT ,,10.0,
16/6/2016,16 JUN MR SAM PATRICK P Wage ,,150.0,
17/6/2016,17 JUN EFTPOS PURCHASE 17JUN 16:00 ADELAIDE METROCARD ADELAIDE AU ,50.0,,
18/6/2016,18 JUN VISA PURCHASE 17/06/16 The General Adelaide ,4.5,,
18/6/2016,18 JUN VISA PURCHASE 16/06/16 PAYPAL *ADELAIDEUNI 088303540 ,180.0,,
22/6/2016,22 JUN VISA PURCHASE 20/06/16 KRISPYKREME WESTPT WEST CROY ,9.0,,
22/6/2016,22 JUN VISA PURCHASE 20/06/16 BP WESTPORT 9285 WEST CROY ,47.55,,
23/6/2016,23 JUN INTERNET WITHDRAWAL 23JUN 16:06 Nz ,405.0,,
24/6/2016,24 JUN VISA PURCHASE 21/06/16 PAYPAL *CAFEPRESSCO 402935773 ,10.5,,
29/6/2016,29 JUN VISA PURCHASE 26/06/16 NOODLE BOX GOLDEN GR ,27.9,,
4/7/2016,04 JUL ATM WITHDRAWAL 03JUL 00:45 CBA ATM HINDMARSH SA 511201 AUS ,50.0,,
4/7/2016,04 JUL ATM OPERATOR FEE WDL 03JUL 00:45 CBA ATM HINDMARSH SA 511201 AUS ,2.0,,
4/7/2016,04 JUL VISA PURCHASE 01/07/16 BUNNINGS 703000 WOODVILLE ,9.9,,
4/7/2016,04 JUL VISA PURCHASE 30/06/16 SOUTH AUSTRALIAN ICE THEBARTON ,16.0,,
5/7/2016,05 JUL VISA PURCHASE 01/07/16 RIOT ART & CRAFT5067 WEST LAKE ,4.98,,
5/7/2016,05 JUL VISA PURCHASE 02/07/16 ,24.75,,
5/7/2016,05 JUL VISA PURCHASE 02/07/16 GENERAL HAVELOCK PTY ADELAIDE ,85.0,,
6/7/2016,06 JUL VISA PURCHASE 04/07/16 WH SMITH AUST PL TULLAMARI ,6.99,,
6/7/2016,06 JUL VISA PURCHASE 04/07/16 SUSHI SUSHI FRANCHIS MELBOURNE ,9.0,,
11/7/2016,11 JUL VISA PURCHASE O/SEAS 09/07/16 CORONET PEAK NZD 3.00 ,2.91,,
11/7/2016,11 JUL FOREIGN CURRENCY CONVERSN FEE ,0.08,,
11/7/2016,11 JUL VISA PURCHASE O/SEAS 09/07/16 CORONET PEAK NZD 4.00 ,3.88,,
11/7/2016,11 JUL FOREIGN CURRENCY CONVERSN FEE ,0.11,,
11/7/2016,11 JUL VISA PURCHASE O/SEAS 08/07/16 THE BAKERY QUEENSTOW NZD 8.60 ,8.34,,
11/7/2016,11 JUL FOREIGN CURRENCY CONVERSN FEE ,0.25,,
12/7/2016,12 JUL INTERNET WITHDRAWAL 12JUL 15:53 jumper beanie tshirt ,80.0,,
12/7/2016,12 JUL VISA PURCHASE O/SEAS 11/07/16 DUTY FREE DEPARTURES NZD 324.21 ,314.38,,
12/7/2016,12 JUL FOREIGN CURRENCY CONVERSN FEE ,9.43,,
13/7/2016,13 JUL VISA PURCHASE O/SEAS 11/07/16 SKYDIVE PARADISE NZD 149.00 ,143.98,,
13/7/2016,13 JUL FOREIGN CURRENCY CONVERSN FEE ,4.31,,
14/7/2016,14 JUL EFTPOS PURCHASE 14JUL 15:42 KATHMANDU PTY LTD WEST LAKES SA ,299.98,,
16/7/2016,16 JUL ATM WITHDRAWAL 16JUL 16:39 DCP- OTR Evandale Evandale 05AU ,100.0,,
16/7/2016,16 JUL ATM OPERATOR FEE WDL 16JUL 16:39 DCP- OTR Evandale Evandale 05AU ,2.8,,
16/7/2016,16 JUL INTERNET DEPOSIT 16JUL 16:59 ,,80.0,
19/7/2016,19 JUL VISA PURCHASE 16/07/16 BP EVANDALE 4650 EVANDALE ,39.41,,
19/7/2016,19 JUL VISA PURCHASE 17/07/16 PAYPAL *PARAISO9999 402935773 ,110.35,,
20/7/2016,20 JUL VISA PURCHASE 18/07/16 MAYFAIR BAKERY AND P SEMAPHORE ,14.3,,
20/7/2016,20 JUL VISA PURCHASE 18/07/16 SWEDISH TARTS PATISS SEMAPHORE ,19.0,,
22/7/2016,22 JUL VISA PURCHASE 20/07/16 PAYPAL *DHOCKHING 402935773 ,99.95,,
25/7/2016,25 JUL VISA PURCHASE 21/07/16 AIR NEW ZEA SYDNEY ,1288.25,,
27/7/2016,27 JUL FOREIGN NOTES ENCASHMENT ,,77.39,
27/7/2016,27 JUL VISA PURCHASE 26/07/16 CITY BY FUN RN C INC MILE END ,25.0,,
28/7/2016,28 JUL VISA PURCHASE 26/07/16 PAYPAL *ADELAIDEUNI 088303540 ,20.0,,
30/7/2016,30 JUL VISA PURCHASE 29/07/16 COLES EXPRESS 1946 GOLDEN GR ,4.0,,
30/7/2016,30 JUL VISA PURCHASE 28/07/16 PAYPAL *VALENETWORK 402935773 ,8.4,,
1/8/2016,01 AUG VISA PURCHASE 29/07/16 FP GOLDEN GROVE PTY GOLDEN GR ,31.7,,
2/8/2016,02 AUG VISA PURCHASE 30/07/16 PAYPAL *OPTUS PREPA 402935773 ,30.0,,
6/8/2016,06 AUG EFTPOS PURCHASE 06AUG 12:34 ,160.0,,
12/8/2016,12 AUG EFTPOS PURCHASE 12AUG 15:03 JUST CUTS WEST LAKE\WEST LAKES AU ,31.0,,
12/8/2016,12 AUG VISA PURCHASE 10/08/16 DUMPLINGS R US ADELAIDE ,10.4,,
12/8/2016,12 AUG VISA PURCHASE 07/08/16 OTR WELLAND 7233 WELLAND ,12.55,,
12/8/2016,12 AUG VISA PURCHASE 06/08/16 ADELAIDE OVAL SMA LT NTH ADELA ,22.3,,
13/8/2016,13 AUG VISA PURCHASE 12/08/16 WEST LAKES PHARMACY WEST LAKE ,12.99,,
16/8/2016,16 AUG VISA PURCHASE 13/08/16 BP NEWTON 5957 NEWTON ,10.25,,
16/8/2016,16 AUG VISA PURCHASE 13/08/16 GENERAL HAVELOCK PTY ADELAIDE ,17.5,,
17/8/2016,17 AUG EFTPOS PURCHASE 16AUG 22:55 GALAXY BLUE PTY LTD BLAIR ATHOL SA ,16.85,,
17/8/2016,17 AUG EFTPOS PURCHASE 16AUG 23:09 GALAXY BLUE PTY LTD BLAIR ATHOL SA ,4.6,,
17/8/2016,17 AUG EFTPOS PURCHASE 16AUG 23:21 GALAXY BLUE PTY LTD BLAIR ATHOL SA ,3.8,,
23/8/2016,23 AUG EFTPOS PURCHASE 23AUG 07:11 ADELAIDE METROCARD ADELAIDE AU ,50.0,,
23/8/2016,23 AUG VISA PURCHASE 20/08/16 ADELAIDE UNIVERSITY CLOVELLY ,8.0,,
23/8/2016,23 AUG VISA PURCHASE 20/08/16 ADELAIDE UNIVERSITY CLOVELLY ,16.66,,
23/8/2016,23 AUG VISA PURCHASE 20/08/16 THE BARTLEY TAVERN WEST LAKE ,16.99,,
23/8/2016,23 AUG VISA PURCHASE 21/08/16 ,17.25,,
23/8/2016,23 AUG VISA PURCHASE 20/08/16 ADELAIDE UNIVERSITY CLOVELLY ,24.0,,
24/8/2016,24 AUG EFTPOS PURCHASE 24AUG 15:53 GENERAL PANTS 67 ADELAIDE AU ,149.95,,
24/8/2016,24 AUG EFTPOS PURCHASE 24AUG 16:28 KMART 1211 ADELAIDE AU ,48.0,,
24/8/2016,24 AUG FOREIGN CHEQUE DEPOSIT ,,69.16,
24/8/2016,24 AUG FOREIGN CHEQUE DEPOSIT FEE ,10.5,,
25/8/2016,25 AUG VISA PURCHASE 22/08/16 DRAKE SUPERMARKETS G GOLDEN GR ,1.69,,
25/8/2016,25 AUG VISA PURCHASE 24/08/16 JUST JEANS 251 ADELAIDE ,67.97,,
27/8/2016,27 AUG VISA PURCHASE 24/08/16 APPLE ITUNES STORE SYDNEY ,4.49,,
27/8/2016,27 AUG VISA PURCHASE 25/08/16 FP GOLDEN GROVE PTY GOLDEN GR ,26.8,,
29/8/2016,29 AUG VISA PURCHASE 25/08/16 PAYPAL *OPTUS PREPA 402935773 ,30.0,,
30/8/2016,30 AUG VISA PURCHASE 26/08/16 BENLEIGH VENDING SYS WINGFIELD ,3.05,,
30/8/2016,30 AUG VISA PURCHASE 27/08/16 ADELAIDE UNIVERSITY CLOVELLY ,4.5,,
30/8/2016,30 AUG VISA PURCHASE 27/08/16 OTR WELLAND 7233 WELLAND ,35.0,,
5/9/2016,05 SEP Maths Assignment 1 ,,40.0,
5/9/2016,05 SEP VISA PURCHASE 02/09/16 WOK IN A BOX ADELAIDE ,12.95,,
6/9/2016,06 SEP VISA PURCHASE 03/09/16 LM AND Y PTY LTD ADELAIDE ,10.49,,
7/9/2016,07 SEP VISA PURCHASE 05/09/16 COCA-COLA AMATIL ADELAIDE ,3.6,,
31/3/2016,31 MAR VISA PURCHASE 30/03/16 KMART 1211 ADELAIDE ,3.5,,
31/3/2016,31 MAR VISA PURCHASE 30/03/16 JAY JAYS 381 ADELAIDE ,15.0,,
20/5/2016,20 MAY MR SAM PATRICK P Wage ,,180.0,
20/5/2016,20 MAY VISA PURCHASE 17/05/16 BENLEIGH VENDING SYS WINGFIELD ,3.0,,
24/5/2016,24 MAY VISA PURCHASE The General Adelaidwe ,4.5,,
24/5/2016,24 MAY VISA PURCHASE PENANG HAWKERS CORNE ADELAIDE ,10.2,,
27/5/2016,27 MAY VISA PURCHASE WOOLWORTHS 5317 RUNDLE MA ,16.0,,
30/5/2016,30 MAY VISA PURCHASE ADELAIDE UNIVERSITY ADELAIDE ,25.0,,
30/5/2016,30 MAY VISA PURCHASE PAYPAL *RBI SUBSCR 402935773 ,80.0,,
31/5/2016,31 MAY ACCOUNT SERVICE FEE ,5.0,,
1/6/2016,01 JUN VISA PURCHASE DUMPLINGS R US ADELAIDE ,20.8,,
3/6/2016,03 JUN VISA PURCHASE O/SEAS CITIZEN&IMM-EAPPS EN CAD 250 ,264.45,,
3/6/2016,03 JUN FOREIGN CURRENCY CONVERSN FEE ,7.93,,
6/6/2016,06 JUN VISA PURCHASE PAYPAL *OPTUS PREPA 402935773 ,30.0,,
8/6/2016,08 JUN RTGS INWARD PAYMENT SGB1606080312319JACKSON TY DEARINGB ,,418.84,
11/6/2016,11 JUN INTERNET WITHDRAWAL From Jacko ,318.0,,
16/6/2016,16 JUN CASH DEPOSIT ,,490.0,
27/2/2009,27 FEB M and V Dearing From Mum and Dad ,,10.0,
13/3/2009,13 MAR M and V Dearing From Mum and Dad ,,10.0,
27/3/2009,27 MAR M and V Dearing From Mum and Dad ,,10.0,
1/4/2009,01 APR CASH DEPOSIT ,,210.0,
14/4/2009,14 APR M and V Dearing From Mum and Dad ,,10.0,
24/4/2009,24 APR M and V Dearing From Mum and Dad ,,10.0,
8/5/2009,08 MAY M and V Dearing From Mum and Dad ,,10.0,
22/5/2009,22 MAY M and V Dearing From Mum and Dad ,,10.0,
5/6/2009,05 JUN M and V Dearing From Mum and Dad ,,10.0,
16/9/2016,16 SEP VISA PURCHASE 14/09/16 NATIONAL PHARMACIES ADELAIDE ,22.99,,
24/9/2016,24 SEP VISA PURCHASE 21/09/16 ZAMBRERO SA PTY LTD ADELAIDE ,11.9,,
24/9/2016,24 SEP VISA PURCHASE 22/09/16 PAYPAL *OPTUS PREPA 402935773 ,30.0,,
18/10/2016,18 OCT VISA PURCHASE 15/10/16 COCA-COLA AMATIL ADELAIDE ,3.5,,
20/10/2016,20 OCT EFTPOS PURCHASE 20OCT 16:09 Shaver Shop Adelaide RUNDLE MALL AAU ,69.95,,
22/10/2016,22 OCT VISA PURCHASE 21/10/16 KTAS 1021 WEST LAKE ,29.0,,
22/10/2016,22 OCT VISA PURCHASE 20/10/16 PAYPAL *OPTUS PREPA 402935773 ,30.0,,
25/10/2016,25 OCT INTERNET WITHDRAWAL 25OCT 01:07 Jackson Dearing R1KGJ05 ,1260.0,,
2/11/2016,02 NOV EFTPOS PURCHASE 02NOV 09:48 ,15.0,,
13/12/2016,13 DEC VISA PURCHASE 12/12/16 WOOLWORTHS 5317 RUNDLE MA ,10.25,,
14/12/2016,14 DEC VISA PURCHASE 12/12/16 PAYPAL *ADELAIDEUNI 088303540 ,10.0,,
14/12/2016,14 DEC VISA PURCHASE 13/12/16 COLES 0455 WEST LAKE ,16.0,,
15/12/2016,15 DEC VISA PURCHASE 13/12/16 HOUSE IN WESTLAKES WEST LAKE ,8.99,,
17/12/2016,17 DEC VISA PURCHASE 15/12/16 WOOLWORTHS 5644 PORT LINC ,12.22,,
20/12/2016,20 DEC BLACK BULL HOTEL AD103511 000156 ,,177.28,
20/12/2016,20 DEC VISA PURCHASE 17/12/16 BP MAWSON LKS 6744 ADELAIDE ,6.8,,
20/12/2016,20 DEC VISA PURCHASE 19/12/16 KMART 1021 WEST LAKE ,10.0,,
20/12/2016,20 DEC VISA PURCHASE 17/12/16 PAYPAL *OPTUS PREPA 402935773 ,30.0,,
20/12/2016,20 DEC VISA PURCHASE 19/12/16 JAY JAYS 743 WEST LAKE ,80.0,,
21/12/2016,21 DEC EFTPOS PURCHASE 21DEC 13:25 OCEAN THREE P/L \WEST LAKES AU ,10.6,,
24/12/2016,24 DEC VISA PURCHASE 22/12/16 PAYPAL *KMARTAUSTRA 402935773 ,15.0,,
24/12/2016,24 DEC VISA PURCHASE 22/12/16 WW PETROL 5537 WEST LAKE ,45.33,,
28/12/2016,28 DEC AF FITNESS GROUP PAYROLL ,,498.44,
29/12/2016,29 DEC EFTPOS PURCHASE 29DEC 16:03 ,59.0,,
7/11/2016,07 NOV EFTPOS PURCHASE REBEL WEST LAKES WEST LAKES AU ,94.98,,
7/11/2016,07 NOV CASH DEPOSIT ,,850.0,
12/11/2016,12 NOV VISA PURCHASE R.T.B.C PTY LTD ADELAIDE ,23.9,,
16/11/2016,16 NOV VISA CREDIT AIR NEW ZEA SYDNEY ,,788.25,
16/11/2016,16 NOV VISA PURCHASE ZAMBRERO SA PTY LTD ADELAIDE ,11.9,,
21/11/2016,21 NOV VISA PURCHASE COLES 0444 GAWLER ,3.5,,
22/11/2016,22 NOV VISA PURCHASE PAYPAL *OPTUS PREPA 402935773 ,30.0,,
22/11/2016,22 NOV VISA PURCHASE STAYZ PTY LTD WOOLLOOMO ,209.1,,
25/11/2016,25 NOV VISA PURCHASE PAYPAL *SASHSTEWART 402935773 ,22.8,,
29/11/2016,29 NOV VISA PURCHASE LAKES RESORT HOTEL WEST LAKESSA AU ,57.0,,
29/11/2016,29 NOV VISA PURCHASE EZIDEBIT MB HEALTHFI FORTITUDE ,99.29,,
2/12/2016,02 DEC VISA PURCHASE PAYPAL *HIA 402935773 ,24.0,,
3/12/2016,03 DEC VISA PURCHASE UNIVERSITY OF ADELAI ADLEIADE ,10.0,,
3/12/2016,03 DEC VISA PURCHASE CITY OF ADELAIDE ADELAIDE ,50.0,,
5/12/2016,05 DEC INTERNET WITHDRAWAL Jackson Dearing ,208.0,,
7/12/2016,07 DEC VISA PURCHASE WOOLWORTHS 5623 WEST LAKE ,7.99,,
29/12/2016,29 DEC VISA PURCHASE SPRINGFIELD BUTCHERS T LAKES ,71.5,,
29/12/2016,29 DEC VISA PURCHASE EZIDEBIT MB HEALTHFI FORTITUDE ,73.59,,
25/11/2016,25 NOV EFTPOS PURCHASE PAYPAL *IDSCOMPPANYP ,10.99,,
26/3/2010,26 MAR M and V Dearing From Mum and Dad ,,10.0,
9/4/2010,09 APR M and V Dearing From Mum and Dad ,,10.0,
23/4/2010,23 APR M and V Dearing From Mum and Dad ,,10.0,
7/5/2010,07 MAY M and V Dearing ,,10.0,
13/9/2016,13 SEP EFTPOS PURCHASE 13SEP 17:29 ADELAIDE METROCARD ADELAIDE ,50.0,,
13/9/2016,13 SEP VISA PURCHASE 10/09/16 ADELAIDE UNIVERSITY CLOVELLY ,8.0,,
13/9/2016,13 SEP VISA PURCHASE 11/09/16 CTT AND LHT PTY. LTD ADELAIDE ,37.5,,
31/1/2014,31 JAN CREDIT INTEREST ,,1.03,
31/1/2014,31 JAN BONUS INTEREST ,,7.26,
31/3/2014,31 MAR CREDIT INTEREST ,,0.53,
31/3/2014,31 MAR BONUS INTEREST ,,3.72,
30/4/2014,30 APR CREDIT INTEREST ,,0.51,
30/4/2014,30 APR BONUS INTEREST ,,3.62,
31/5/2014,31 MAY CREDIT INTEREST ,,0.53,
31/5/2014,31 MAY BONUS INTEREST ,,3.73,
30/6/2014,30 JUN CREDIT INTEREST ,,0.52,
30/6/2014,30 JUN BONUS INTEREST ,,3.54,
4/2/2014,04 FEB INTERNET WITHDRAWAL Snow trip payment ,1200.0,,
28/2/2014,28 FEB CREDIT INTEREST ,,0.52,
26/9/2013,26 SEP TRINITY COLLEGE ,,40.0,
5/10/2013,05 OCT EFTPOS PURCHASE ONJOE PTY LTD NORTH HAVEN SA AU ,53.5,,
7/10/2013,07 OCT EFTPOS PURCHASE GREEN CORNER KITCHEN GAWLER SA AU ,14.5,,
8/10/2013,08 OCT EFTPOS PURCHASE DRAKE SUPERMARKETS ELIZABETH PARK SA 10 ,19.81,,
8/10/2013,08 OCT EFTPOS PURCHASE COLES EXPR ELIZABETH SA AU ,9.85,,
9/10/2013,09 OCT EFTPOS PURCHASE BOOST JUICE GLENELG GLENELG SA ,6.0,,
9/10/2013,09 OCT EFTPOS PURCHASE THE JAVA HUT GAWLER SA ,43.6,,
9/10/2013,09 OCT EFTPOS PURCHASE AMPOL S/STN GOOLWA SA 44522 ,30.0,,
10/10/2013,10 OCT TRINITY COLLEGE ,,40.0,
21/10/2013,21 OCT EFTPOS PURCHASE BOOST JUICE (GOLDEN GOLDEN GROVE SA) ,5.2,,
24/10/2013,24 OCT TRINITY COLLEGE ,,40.0,
7/11/2013,07 NOV TRINITY COLLEGE ,,40.0,
13/11/2013,13 NOV INTERNET DEPOSIT Snow trip deposit ,,250.0,
14/11/2013,14 NOV EFTPOS PURCHASE TRINITY COLLEGE EVANSTON AU ,250.0,,
21/11/2013,21 NOV EFTPOS PURCHASE SPORTSPOWER ELIZABETH SA AU ,20.0,,
29/11/2013,29 NOV EFTPOS PURCHASE FASTA PASTA GOLDEN GROVE SA ,22.8,,
5/12/2013,05 DEC TRINITY COLLEGE ,,40.0,
6/12/2013,06 DEC EFTPOS PURCHASE NORDBURGER PTY LTD NORWOOD SA ,12.9,,
21/11/2013,21 NOV TRINITY COLLEGE ,,40.0,
6/12/2013,06 DEC EFTPOS PURCHASE CATTY & STOKES PTY L NORWOOD SA ,6.7,,
9/12/2013,09 DEC EFTPOS PURCHASE CHARLESWORTH NUTS ELIZABETH EASSA AU ,16.9,,
12/12/2013,12 DEC EFTPOS PURCHASE FACTORIE ELIZABETH SA ,20.0,,
13/12/2013,13 DEC EFTPOS PURCHASE LORNA JANE MODBURY ,102.98,,
13/12/2013,13 DEC EFTPOS PURCHASE JETTY SURF 3222 MODBURY SA02 ,20.0,,
13/12/2013,13 DEC EFTPOS PURCHASE THE YOGURT SHOP MODBURY SA ,5.3,,
10/10/2013,10 OCT EFTPOS PURCHASE Wendys Victor H3426079 VICTOR HARBO 05AU ,15.7,,